{
  "ECU": {
    "ME17_No_Immo": {},
    "MED9.1": {}
  },
  "EEPROM": {
    "j34p_No_Immo": {},
    "EDC16U1(U34)_No_Immo": {},
    "Vag_simos_2_1_No_Immo": {},
    "Vag_simos_3_3_No_Immo": {},
    "Opel_25040_Pin_Vin": {},
    "Chevrolet_E84_Pin_Vin": {},
    "me7_5_No_Immo_Pin_Cs": {}
  },
  "DASH": {
    "Chevrolet": {
      "Lacetti": {
        "Chevrolet_lacetti_dash_denso_96804358_EJ_6H21_11000_932900D_93c46": {},
        "Daewoo_Gentra_dash_denso_93c56": {},
        "Chevrolet_lacetti_2007_2013_dash_denso_93c46": {},
        "aveo_93c56": {}
      }
    },
    "MagnetiMarelli": {}
  },
  "BCM": {
    "Cruze_BCM_24c16_after_2009": {},
    "Siemens": {}
  },
  "SRS": {
    "mazda_95320_GR6B_57K30B": {},
    "Siemens": {}
  }
}
